customer_id,name,age,gender,city,income
101,Bhavna,64.0,Male,Indore,212240.0
102,Dhruv,29.0,Female,Patna,188819.0
103,Alok,33.0,Male,Chennai,106396.0
104,Omkar,41.0,Male,Jaipur,137692.0
105,Nisha,36.0,Female,Patna,244764.0
106,Mohit,25.0,Male,Indore,87505.0
107,Manish,48.0,Male,Coimbatore,115896.0
108,Gaurav,38.0,Female,Chennai,48135.0
109,Omkar,34.0,Male,Bengaluru,120887.0
110,Deepak,40.0,Female,Kolkata,152118.0
111,Gagan,,Male,Nagpur,77377.0
112,Omkar,33.0,Male,Kochi,184626.0
113,Uday,23.0,Female,Noida,92491.0
114,Chetan,25.0,Female,Indore,216693.0
115,Vishal,42.0,Female,Dehradun,88283.0
116,Sanjay,35.0,Female,Lucknow,246212.0
117,Amit,42.0,Female,Visakhapatnam,46923.0
118,Alok,29.0,Male,Lucknow,77591.0
119,Chetan,32.0,Male,Gurgaon,92261.0
120,Lavanya,43.0,Female,Dehradun,84336.0
121,Meera,58.0,Female,Pune,104083.0
122,Suresh,62.0,Male,Surat,90948.0
123,Yogesh,43.0,Male,Patna,194074.0
124,Alok,64.0,Female,Pune,241170.0
125,Vandana,49.0,Female,Kolkata,234088.0
126,Komal,27.0,Male,Pune,56672.0
127,Lalit,33.0,Male,Ahmedabad,34213.0
128,Dimple,24.0,Male,Bhopal,171365.0
129,Jatin,34.0,Male,Nagpur,216932.0
130,Uday,,Female,Surat,92507.0
131,Sangeeta,43.0,Male,Patna,87134.0
132,Manish,38.0,Male,Indore,163172.0
133,Shashi,39.0,Male,Gurgaon,223069.0
134,Vishal,24.0,Female,Visakhapatnam,58172.0
135,Nisha,31.0,Male,Mumbai,
136,Aarav,32.0,Female,Bengaluru,48199.0
137,Roshni,24.0,Female,Bengaluru,66609.0
138,Ishaan,26.0,Female,Kolkata,204037.0
139,Jatin,25.0,Female,Pune,169088.0
140,Sanjay,40.0,Female,Kochi,200851.0
141,Priya,46.0,Female,Pune,61881.0
142,Nisha,35.0,Male,Kolkata,243666.0
143,Harish,,Male,Vadodara,54472.0
144,Lavanya,47.0,Male,Ahmedabad,212885.0
145,Roshni,56.0,Male,Chennai,197093.0
146,Priya,52.0,Female,Noida,84131.0
147,Deepak,35.0,Male,Coimbatore,185159.0
148,Chetan,59.0,Male,Jaipur,42828.0
149,Ravi,56.0,Male,Mumbai,222682.0
150,Deepa,34.0,Male,Nagpur,126664.0
151,Raj,31.0,Male,Mumbai,162473.0
152,Rahul,48.0,Male,Bengaluru,246251.0
153,Yogesh,41.0,Male,Nagpur,45193.0
154,Neha,52.0,Female,Bengaluru,205936.0
155,Ananya,61.0,Female,Visakhapatnam,181379.0
156,Nilesh,62.0,Female,Vadodara,132518.0
157,Shivani,51.0,Female,Gurgaon,49611.0
158,Tina,20.0,Male,Mumbai,204863.0
159,Divya,,Male,Vadodara,173022.0
160,Ravi,60.0,Female,Kolkata,106240.0
161,Bharat,57.0,Female,Bhopal,238475.0
162,Uma,43.0,Female,Nagpur,32745.0
163,Pallavi,40.0,Male,Surat,85243.0
164,Ankit,61.0,Male,Patna,33866.0
165,Zareen,56.0,Female,Vadodara,193317.0
166,Rajan,32.0,Male,Jaipur,205796.0
167,Vijay,21.0,Female,Kochi,158681.0
168,Kavya,46.0,Male,Kochi,101354.0
169,Kamla,39.0,Male,Chennai,81374.0
170,Asha,42.0,Male,Coimbatore,144397.0
171,Ananya,30.0,Female,Chennai,154577.0
172,Esha,35.0,Male,Nagpur,191188.0
173,Meera,,Male,Mumbai,111029.0
174,Sagar,33.0,Male,Lucknow,123574.0
175,Pallavi,62.0,Male,Vadodara,181519.0
176,Bharat,59.0,Female,Mumbai,60431.0
177,Meera,61.0,Female,Coimbatore,178980.0
178,Deepa,19.0,Female,Gurgaon,59336.0
179,Ravi,52.0,Male,Kochi,70992.0
180,Nisha,59.0,Female,Surat,85350.0
181,Shivani,51.0,Female,Nagpur,99561.0
182,Bhavna,47.0,Female,Surat,
183,Rajan,30.0,Female,Bengaluru,91240.0
184,Ishaan,30.0,Female,Bengaluru,181165.0
185,Ramesh,35.0,Female,Bengaluru,
186,Raj,49.0,Male,Coimbatore,76607.0
187,Lakshmi,49.0,Male,Lucknow,194559.0
188,Firoz,52.0,Female,Pune,216740.0
189,Nikhil,56.0,Female,Surat,182035.0
190,Jatin,63.0,Female,Patna,211196.0
191,Hema,46.0,Male,Coimbatore,
192,Chirag,46.0,Male,Kochi,217619.0
193,Ayesha,61.0,Male,Surat,94110.0
194,Yogesh,33.0,Male,Coimbatore,214626.0
195,Bhavna,61.0,Female,Lucknow,182008.0
196,Jaya,64.0,Male,Kochi,146895.0
197,Tina,27.0,Male,Lucknow,34426.0
198,Nilesh,47.0,Female,Dehradun,249911.0
199,Mohit,,Female,Nagpur,57606.0
200,Ishaan,56.0,Female,Kochi,208904.0
201,Shreya,,Male,Kolkata,58151.0
202,Ravi,22.0,Female,Visakhapatnam,240375.0
203,Nikhil,18.0,Female,Lucknow,41308.0
204,Bhavna,47.0,Male,Surat,223594.0
205,Indira,20.0,Female,Surat,206743.0
206,Vandana,62.0,Female,Vadodara,120306.0
207,Manish,31.0,Female,Pune,136984.0
208,Hema,47.0,Female,Visakhapatnam,32204.0
209,Prasad,21.0,Female,Kolkata,122769.0
210,Sagar,35.0,Male,Pune,117265.0
211,Tara,54.0,Male,Ahmedabad,61131.0
212,Aryan,42.0,Female,Mumbai,82428.0
213,Meera,18.0,Female,Lucknow,63870.0
214,Amit,63.0,Female,Chennai,133547.0
215,Pooja,32.0,Female,Noida,79067.0
216,Rohini,26.0,Female,Visakhapatnam,219657.0
217,Nikhil,32.0,Male,Kolkata,142217.0
218,Asha,41.0,Female,Ahmedabad,182679.0
219,Lavanya,21.0,Male,Kochi,
220,Varun,29.0,Female,Pune,128934.0
221,Lalit,54.0,Female,Jaipur,172980.0
222,Pooja,54.0,Female,Visakhapatnam,187495.0
223,Lavanya,60.0,Male,Visakhapatnam,104707.0
224,Dimple,23.0,Female,Indore,239329.0
225,Sunaina,56.0,Male,Bengaluru,91215.0
226,Rohan,63.0,Female,Visakhapatnam,216907.0
227,Chirag,41.0,Female,Pune,79429.0
228,Shivani,28.0,Male,Dehradun,112152.0
229,Geeta,,Male,Surat,138048.0
230,Neha,51.0,Female,Kochi,199530.0
231,Gaurav,42.0,Female,Nagpur,207241.0
232,Mohit,24.0,Female,Coimbatore,168731.0
233,Payal,21.0,Male,Indore,
234,Vandana,25.0,Male,Bengaluru,107240.0
235,Tina,37.0,Female,Visakhapatnam,193865.0
236,Neha,46.0,Male,Chennai,143688.0
237,Payal,62.0,Female,Gurgaon,76473.0
238,Vikram,63.0,Female,Ahmedabad,
239,Sanjay,27.0,Female,Patna,249402.0
240,Vikram,60.0,Male,Lucknow,136956.0
241,Rohini,51.0,Male,Noida,148452.0
242,Rajan,43.0,Male,Coimbatore,216823.0
243,Manish,58.0,Male,Noida,156311.0
244,Gaurav,20.0,Female,Gurgaon,239987.0
245,Supriya,23.0,Male,Noida,215326.0
246,Sunaina,,Female,Surat,37006.0
247,Chetan,22.0,Male,Kochi,104218.0
248,Qasim,64.0,Male,Pune,226416.0
249,Arjun,40.0,Male,Bengaluru,194912.0
250,Dhruv,26.0,Female,Coimbatore,62430.0
251,Harish,52.0,Male,Surat,53091.0
252,Ankit,37.0,Male,Gurgaon,
253,Ishaan,59.0,Female,Vadodara,53989.0
254,Hema,52.0,Female,Lucknow,105451.0
255,Sanjay,35.0,Female,Pune,48990.0
256,Yash,34.0,Female,Surat,120270.0
257,Asha,41.0,Female,Nagpur,110360.0
258,Rekha,20.0,Female,Lucknow,66081.0
259,Ravi,49.0,Male,Dehradun,172105.0
260,Yash,52.0,Female,Patna,138272.0
261,Shreya,55.0,Male,Vadodara,46241.0
262,Tarun,30.0,Female,Lucknow,154932.0
263,Nalini,64.0,Male,Vadodara,35939.0
264,Uma,42.0,Male,Mumbai,143000.0
265,Aditya,26.0,Male,Jaipur,
266,Hema,21.0,Female,Kochi,65063.0
267,Madhuri,31.0,Female,Pune,237793.0
268,Dhruv,54.0,Female,Gurgaon,188117.0
269,Hema,,Female,Indore,205841.0
270,Tina,28.0,Male,Jaipur,77118.0
271,Qasim,58.0,Female,Vadodara,114703.0
272,Nikhil,,Female,Kolkata,182697.0
273,Sagar,45.0,Female,Indore,158557.0
274,Chirag,46.0,Male,Kolkata,57076.0
275,Priya,26.0,Female,Kolkata,225877.0
276,Dhruv,20.0,Female,Gurgaon,74605.0
277,Pallavi,42.0,Female,Pune,114565.0
278,Sara,51.0,Female,Lucknow,249581.0
279,Ishaan,29.0,Female,Pune,69121.0
280,Shivani,59.0,Female,Mumbai,226173.0
281,Aarav,26.0,Female,Vadodara,61433.0
282,Madhuri,32.0,Male,Jaipur,73309.0
283,Madhuri,57.0,Male,Kolkata,97468.0
284,Neha,42.0,Female,Chennai,205326.0
285,Suresh,22.0,Male,Visakhapatnam,97293.0
286,Roshni,28.0,Female,Vadodara,126258.0
287,Kabir,51.0,Male,Nagpur,198925.0
288,Suresh,41.0,Female,Nagpur,68405.0
289,Deepak,32.0,Female,Mumbai,227724.0
290,Ankit,55.0,Female,Coimbatore,73527.0
291,Pankaj,25.0,Female,Kolkata,107227.0
292,Bhavna,22.0,Male,Bengaluru,161564.0
293,Suresh,43.0,Female,Kolkata,169883.0
294,Yogesh,35.0,Male,Bhopal,123344.0
295,Komal,23.0,Male,Mumbai,185344.0
296,Harish,54.0,Female,Patna,233082.0
297,Ramesh,30.0,Male,Jaipur,77153.0
298,Roshni,45.0,Female,Pune,138042.0
299,Ishaan,22.0,Male,Gurgaon,84110.0
300,Uday,30.0,Female,Gurgaon,175051.0
301,Tara,34.0,Male,Vadodara,58328.0
302,Tarun,57.0,Male,Jaipur,142911.0
303,Aarav,62.0,Female,Vadodara,42867.0
304,Yash,49.0,Male,Jaipur,89234.0
305,Prasad,46.0,Male,Coimbatore,
306,Sumit,,Female,Chennai,61279.0
307,Akash,57.0,Female,Kochi,103402.0
308,Dhruv,51.0,Female,Visakhapatnam,45449.0
309,Rajan,,Female,Indore,106221.0
310,Poonam,44.0,Male,Indore,119080.0
311,Mihir,30.0,Female,Bengaluru,35451.0
312,Aryan,62.0,Female,Surat,117178.0
313,Mihir,50.0,Female,Indore,202388.0
314,Varun,23.0,Female,Indore,224136.0
315,Bharat,41.0,Male,Bengaluru,93761.0
316,Bharat,36.0,Male,Chennai,68870.0
317,Nilesh,33.0,Male,Noida,126566.0
318,Sumit,57.0,Female,Lucknow,153749.0
319,Asha,45.0,Male,Pune,153765.0
320,Roshni,50.0,Male,Chennai,154881.0
321,Tina,58.0,Female,Coimbatore,191945.0
322,Sagar,30.0,Male,Ahmedabad,158389.0
323,Farhan,60.0,Male,Vadodara,219699.0
324,Farhan,62.0,Female,Dehradun,227227.0
325,Esha,42.0,Male,Noida,
326,Siddharth,59.0,Female,Pune,33642.0
327,Uma,53.0,Male,Pune,189073.0
328,Jaya,44.0,Male,Gurgaon,64064.0
329,Neha,55.0,Female,Kolkata,44122.0
330,Tarun,24.0,Male,Lucknow,185892.0
331,Yogesh,22.0,Female,Kolkata,98431.0
332,Sanjay,60.0,Female,Bengaluru,85745.0
333,Lavanya,62.0,Female,Bhopal,80081.0
334,Uday,48.0,Female,Visakhapatnam,231974.0
335,Qasim,40.0,Male,Indore,169783.0
336,Nilesh,59.0,Male,Vadodara,246204.0
337,Indira,27.0,Female,Bengaluru,179865.0
338,Komal,,Male,Dehradun,169271.0
339,Lalit,60.0,Male,Noida,106253.0
340,Poonam,47.0,Male,Dehradun,
341,Rohini,56.0,Male,Bengaluru,40211.0
342,Firoz,48.0,Female,Nagpur,
343,Dimple,35.0,Male,Pune,224141.0
344,Ramesh,53.0,Female,Dehradun,249968.0
345,Seema,,Male,Kolkata,217818.0
346,Tanvi,31.0,Male,Bengaluru,182614.0
347,Shashi,30.0,Female,Ahmedabad,192384.0
348,Divya,46.0,Female,Kolkata,206314.0
349,Mohit,29.0,Female,Visakhapatnam,131971.0
350,Manish,56.0,Female,Kochi,123783.0
351,Asha,19.0,Male,Chennai,155681.0
352,Priya,49.0,Female,Lucknow,117893.0
353,Akash,30.0,Female,Kolkata,216460.0
354,Vishal,63.0,Male,Patna,188763.0
355,Uma,44.0,Male,Vadodara,107960.0
356,Meera,58.0,Female,Surat,114388.0
357,Vishal,34.0,Female,Pune,52601.0
358,Manish,57.0,Female,Coimbatore,179092.0
359,Aarav,48.0,Female,Surat,169227.0
360,Ayesha,51.0,Female,Patna,
361,Kamla,41.0,Female,Jaipur,242123.0
362,Ankit,62.0,Female,Gurgaon,197849.0
363,Aryan,52.0,Male,Chennai,49710.0
364,Meera,23.0,Female,Lucknow,138714.0
365,Asha,36.0,Female,Dehradun,185604.0
366,Amit,47.0,Male,Patna,158727.0
367,Prem,24.0,Male,Jaipur,179673.0
368,Ayesha,27.0,Female,Dehradun,93227.0
369,Supriya,58.0,Female,Ahmedabad,166039.0
370,Mihir,49.0,Female,Lucknow,114289.0
371,Nisha,51.0,Female,Kolkata,181094.0
372,Firoz,45.0,Male,Visakhapatnam,204535.0
373,Sumit,32.0,Female,Gurgaon,235743.0
374,Lavanya,47.0,Female,Dehradun,35722.0
375,Uday,54.0,Male,Kochi,188485.0
376,Farhan,46.0,Male,Nagpur,111050.0
377,Madhuri,39.0,Female,Noida,246939.0
378,Vijay,21.0,Female,Surat,113596.0
379,Vijay,37.0,Male,Lucknow,96732.0
380,Siddharth,49.0,Female,Bhopal,173369.0
381,Mohit,53.0,Male,Nagpur,98323.0
382,Siddharth,21.0,Male,Chennai,53816.0
383,Sachin,44.0,Female,Dehradun,70695.0
384,Kavya,34.0,Male,Coimbatore,180774.0
385,Deepa,29.0,Male,Pune,186314.0
386,Deepa,,Male,Lucknow,85841.0
387,Esha,34.0,Female,Indore,158498.0
388,Sara,27.0,Female,Ahmedabad,228784.0
389,Raj,18.0,Male,Jaipur,246735.0
390,Sanjay,39.0,Female,Nagpur,137096.0
391,Sachin,,Male,Indore,122764.0
392,Shreya,,Male,Patna,214646.0
393,Nilesh,31.0,Female,Jaipur,115744.0
394,Arjun,64.0,Female,Lucknow,58482.0
395,Gagan,46.0,Female,Kolkata,39171.0
396,Dimple,29.0,Male,Visakhapatnam,130755.0
397,Chirag,53.0,Male,Visakhapatnam,138125.0
398,Deepa,52.0,Male,Ahmedabad,160722.0
399,Aryan,29.0,Female,Jaipur,136082.0
400,Rohini,24.0,Female,Mumbai,33696.0
401,Nilesh,46.0,Male,Indore,156310.0
402,Priya,28.0,Female,Bengaluru,181130.0
403,Deepak,50.0,Female,Chennai,181385.0
404,Mohit,23.0,Female,Patna,49149.0
405,Kavya,64.0,Female,Kolkata,160064.0
406,Kavya,32.0,Male,Dehradun,83521.0
407,Tina,49.0,Female,Nagpur,75740.0
408,Shashi,28.0,Male,Surat,
409,Gaurav,40.0,Male,Kolkata,
410,Sanjay,43.0,Male,Chennai,236803.0
411,Karan,51.0,Female,Kolkata,243684.0
412,Nisha,63.0,Female,Mumbai,96641.0
413,Shreya,,Male,Kochi,93811.0
414,Mohit,46.0,Female,Indore,213232.0
415,Ayesha,21.0,Male,Indore,212385.0
416,Seema,34.0,Female,Coimbatore,93232.0
417,Uma,52.0,Male,Pune,45417.0
418,Deepa,30.0,Female,Coimbatore,185801.0
419,Arjun,58.0,Female,Patna,142492.0
420,Dimple,56.0,Female,Kochi,60099.0
421,Uday,32.0,Female,Mumbai,191033.0
422,Aditya,46.0,Female,Noida,173674.0
423,Chetan,46.0,Male,Vadodara,148474.0
424,Qasim,28.0,Male,Pune,39256.0
425,Mihir,49.0,Female,Vadodara,247192.0
426,Jaya,19.0,Male,Gurgaon,64681.0
427,Sachin,64.0,Female,Indore,121328.0
428,Sumit,31.0,Male,Kochi,248512.0
429,Sonal,37.0,Male,Bhopal,225861.0
430,Lavanya,39.0,Female,Surat,73361.0
431,Rohini,28.0,Female,Patna,225575.0
432,Aryan,44.0,Female,Surat,64540.0
433,Jaya,,Male,Mumbai,187608.0
434,Ravi,34.0,Male,Bhopal,114700.0
435,Aarav,,Male,Visakhapatnam,224115.0
436,Rekha,,Male,Chennai,108532.0
437,Neha,46.0,Female,Bengaluru,217647.0
438,Shivani,38.0,Female,Vadodara,157626.0
439,Om,64.0,Male,Surat,163943.0
440,Sanjay,33.0,Male,Gurgaon,76002.0
441,Jatin,54.0,Male,Visakhapatnam,79812.0
442,Nilesh,37.0,Male,Vadodara,183698.0
443,Vandana,23.0,Female,Coimbatore,221051.0
444,Esha,36.0,Female,Dehradun,237129.0
445,Lalit,22.0,Female,Lucknow,138946.0
446,Sumit,20.0,Female,Surat,96668.0
447,Harish,18.0,Male,Patna,129003.0
448,Kavya,,Female,Chennai,241142.0
449,Pallavi,32.0,Male,Gurgaon,
450,Lavanya,51.0,Female,Visakhapatnam,224886.0
451,Aryan,52.0,Female,Pune,134601.0
452,Vikram,42.0,Female,Bhopal,206679.0
453,Omkar,41.0,Male,Surat,37812.0
454,Uday,29.0,Female,Patna,91844.0
455,Aryan,35.0,Male,Bengaluru,231165.0
456,Payal,32.0,Female,Patna,163251.0
457,Pooja,,Female,Coimbatore,
458,Aryan,33.0,Male,Surat,104601.0
459,Arjun,44.0,Female,Noida,169347.0
460,Vikram,25.0,Male,Patna,211646.0
461,Sonal,63.0,Female,Visakhapatnam,77857.0
462,Suresh,42.0,Female,Bengaluru,155555.0
463,Tarun,34.0,Male,Vadodara,50700.0
464,Ishaan,46.0,Female,Patna,200536.0
465,Aryan,25.0,Female,Kolkata,203423.0
466,Supriya,32.0,Male,Ahmedabad,123330.0
467,Bharat,44.0,Male,Nagpur,243606.0
468,Karan,63.0,Female,Jaipur,174941.0
469,Asha,24.0,Male,Ahmedabad,221387.0
470,Yash,20.0,Male,Gurgaon,182026.0
471,Asha,46.0,Male,Visakhapatnam,192627.0
472,Gagan,,Male,Bhopal,93353.0
473,Mihir,41.0,Female,Bengaluru,243262.0
474,Rohini,20.0,Male,Noida,206098.0
475,Divya,37.0,Male,Mumbai,130772.0
476,Varun,63.0,Male,Bhopal,208048.0
477,Mohit,32.0,Male,Vadodara,241650.0
478,Vikram,,Male,Bengaluru,121502.0
479,Yash,47.0,Male,Bhopal,143943.0
480,Ananya,31.0,Male,Pune,139850.0
481,Zareen,24.0,Female,Bengaluru,75095.0
482,Bharat,34.0,Male,Kolkata,175342.0
483,Sangeeta,61.0,Male,Noida,191980.0
484,Esha,37.0,Female,Dehradun,45523.0
485,Vikram,53.0,Male,Coimbatore,92433.0
486,Varun,26.0,Male,Noida,208140.0
487,Tanvi,55.0,Female,Mumbai,49991.0
488,Pooja,39.0,Male,Nagpur,40775.0
489,Neha,19.0,Male,Patna,238873.0
490,Lakshmi,41.0,Male,Nagpur,114995.0
491,Firoz,25.0,Male,Nagpur,222322.0
492,Lalit,28.0,Male,Bhopal,177745.0
493,Pooja,30.0,Female,Vadodara,152808.0
494,Mihir,34.0,Male,Coimbatore,188128.0
495,Neha,25.0,Female,Mumbai,167686.0
496,Rohan,38.0,Male,Chennai,37415.0
497,Farhan,35.0,Male,Dehradun,249763.0
498,Firoz,47.0,Female,Vadodara,204956.0
499,Chirag,35.0,Male,Nagpur,178036.0
500,Pankaj,63.0,Male,Surat,198798.0
501,Shivani,64.0,Female,Coimbatore,67044.0
502,Pooja,48.0,Male,Indore,218221.0
503,Qasim,55.0,Male,Ahmedabad,198616.0
504,Ayesha,49.0,Female,Ahmedabad,79976.0
505,Aditya,28.0,Female,Kolkata,193324.0
506,Shivani,62.0,Female,Patna,33832.0
507,Zareen,42.0,Male,Vadodara,241509.0
508,Varun,,Female,Noida,64148.0
509,Deepa,55.0,Male,Vadodara,222312.0
510,Ayesha,58.0,Male,Nagpur,249526.0
511,Tina,25.0,Female,Indore,142230.0
512,Lavanya,28.0,Female,Indore,115076.0
513,Suresh,39.0,Male,Patna,238188.0
514,Neha,41.0,Male,Mumbai,214531.0
515,Farhan,58.0,Female,Coimbatore,68402.0
516,Rahul,34.0,Female,Jaipur,218799.0
517,Asha,29.0,Female,Gurgaon,68578.0
518,Mohit,63.0,Male,Chennai,120453.0
519,Ramesh,49.0,Female,Bengaluru,
520,Om,32.0,Female,Noida,105715.0
521,Ishaan,33.0,Male,Kochi,238859.0
522,Seema,39.0,Male,Ahmedabad,141435.0
523,Uday,45.0,Female,Indore,246101.0
524,Kamla,37.0,Male,Gurgaon,181538.0
525,Pankaj,50.0,Male,Bhopal,125742.0
526,Zara,27.0,Male,Chennai,75475.0
527,Dimple,57.0,Female,Kochi,90142.0
528,Tarun,49.0,Female,Bengaluru,246232.0
529,Aditya,50.0,Female,Patna,187636.0
530,Firoz,19.0,Female,Kochi,183484.0
531,Uma,50.0,Female,Bengaluru,123526.0
532,Pankaj,50.0,Female,Indore,81001.0
533,Esha,58.0,Male,Bengaluru,87649.0
534,Deepak,30.0,Male,Nagpur,222029.0
535,Gaurav,47.0,Male,Patna,196589.0
536,Neha,50.0,Female,Indore,174228.0
537,Dhruv,30.0,Female,Vadodara,184136.0
538,Deepak,43.0,Male,Gurgaon,55711.0
539,Payal,39.0,Female,Bengaluru,60106.0
540,Uma,56.0,Female,Coimbatore,95458.0
541,Harish,19.0,Female,Surat,177661.0
542,Nikhil,55.0,Female,Kolkata,160429.0
543,Om,56.0,Female,Indore,247583.0
544,Yogesh,43.0,Male,Visakhapatnam,131754.0
545,Lakshmi,63.0,Female,Lucknow,168286.0
546,Lalit,32.0,Female,Visakhapatnam,246803.0
547,Priya,51.0,Female,Kochi,156479.0
548,Lakshmi,59.0,Female,Lucknow,188199.0
549,Hema,61.0,Female,Indore,166213.0
550,Bhavna,57.0,Male,Kolkata,58884.0
551,Neha,28.0,Female,Coimbatore,32708.0
552,Suresh,20.0,Male,Surat,48375.0
553,Sumit,23.0,Male,Indore,45088.0
554,Nalini,26.0,Male,Noida,87615.0
555,Arjun,23.0,Male,Kolkata,140138.0
556,Chetan,26.0,Female,Jaipur,206118.0
557,Bhavna,,Male,Bengaluru,40014.0
558,Sanjay,48.0,Female,Vadodara,225497.0
559,Nisha,49.0,Male,Visakhapatnam,164345.0
560,Ananya,58.0,Male,Dehradun,208207.0
561,Aarav,29.0,Female,Noida,132842.0
562,Prem,25.0,Male,Vadodara,191953.0
563,Sagar,25.0,Female,Pune,108077.0
564,Farhan,45.0,Female,Bengaluru,169784.0
565,Bhavna,37.0,Female,Mumbai,235776.0
566,Neha,64.0,Male,Nagpur,82874.0
567,Ishaan,24.0,Female,Surat,99087.0
568,Omkar,28.0,Female,Lucknow,42297.0
569,Seema,37.0,Female,Noida,57128.0
570,Uma,33.0,Male,Noida,
571,Kamla,,Male,Coimbatore,248671.0
572,Sanjay,23.0,Male,Kolkata,249571.0
573,Vandana,,Female,Nagpur,108958.0
574,Aditya,43.0,Male,Dehradun,62920.0
575,Dhruv,20.0,Male,Vadodara,172228.0
576,Ayesha,58.0,Female,Pune,172180.0
577,Indira,59.0,Female,Indore,192917.0
578,Harish,31.0,Male,Indore,163872.0
579,Uday,28.0,Female,Kolkata,203784.0
580,Amit,35.0,Male,Coimbatore,163682.0
581,Ramesh,29.0,Female,Patna,107603.0
582,Vikram,40.0,Male,Bengaluru,63872.0
583,Uma,29.0,Female,Vadodara,40728.0
584,Geeta,30.0,Male,Noida,125102.0
585,Sara,42.0,Male,Noida,152049.0
586,Farhan,62.0,Female,Vadodara,50583.0
587,Ananya,,Female,Surat,115774.0
588,Poonam,63.0,Female,Coimbatore,168335.0
589,Rajan,53.0,Female,Nagpur,156374.0
590,Ananya,62.0,Male,Indore,228522.0
591,Raj,25.0,Male,Jaipur,180528.0
592,Lakshmi,46.0,Male,Gurgaon,121118.0
593,Hema,49.0,Female,Lucknow,95942.0
594,Mohit,61.0,Male,Bhopal,43689.0
595,Firoz,35.0,Male,Patna,194006.0
596,Deepak,23.0,Male,Mumbai,63276.0
597,Raj,35.0,Male,Bhopal,131968.0
598,Tara,36.0,Male,Vadodara,180945.0
599,Vandana,39.0,Female,Gurgaon,43050.0
600,Sachin,54.0,Female,Bengaluru,96216.0
601,Zareen,49.0,Female,Jaipur,245516.0
602,Payal,58.0,Female,Nagpur,114040.0
603,Harish,20.0,Male,Kochi,51644.0
604,Mihir,45.0,Female,Kochi,92021.0
605,Ishaan,27.0,Female,Bengaluru,198197.0
606,Kabir,52.0,Female,Bhopal,227971.0
607,Sachin,46.0,Male,Gurgaon,72291.0
608,Alok,32.0,Male,Visakhapatnam,196132.0
609,Kabir,50.0,Male,Vadodara,162610.0
610,Omkar,24.0,Male,Gurgaon,197248.0
611,Prem,29.0,Male,Pune,71520.0
612,Sachin,47.0,Male,Gurgaon,55675.0
613,Firoz,38.0,Female,Lucknow,179359.0
614,Omkar,48.0,Female,Kolkata,30174.0
615,Mohit,,Female,Ahmedabad,122268.0
616,Nikhil,,Female,Gurgaon,64998.0
617,Ishaan,54.0,Female,Gurgaon,214384.0
618,Jatin,21.0,Female,Chennai,173184.0
619,Deepak,45.0,Female,Pune,135410.0
620,Ravi,61.0,Male,Indore,105225.0
621,Amit,37.0,Male,Kochi,
622,Siddharth,41.0,Female,Gurgaon,115091.0
623,Manish,49.0,Female,Nagpur,80719.0
624,Komal,58.0,Male,Indore,159887.0
625,Shivani,53.0,Female,Vadodara,63919.0
626,Rahul,51.0,Female,Lucknow,103155.0
627,Poonam,53.0,Female,Kolkata,101569.0
628,Meera,19.0,Male,Nagpur,71328.0
629,Manish,32.0,Male,Patna,231554.0
630,Alok,51.0,Female,Vadodara,54618.0
631,Esha,53.0,Male,Mumbai,64675.0
632,Kavya,23.0,Male,Kolkata,48919.0
633,Rohini,56.0,Male,Jaipur,34173.0
634,Prem,59.0,Female,Mumbai,139369.0
635,Nisha,29.0,Male,Surat,56400.0
636,Asha,20.0,Male,Pune,211517.0
637,Sagar,62.0,Female,Patna,100305.0
638,Nisha,35.0,Female,Chennai,198636.0
639,Rahul,57.0,Female,Pune,206886.0
640,Chirag,38.0,Male,Lucknow,240819.0
641,Supriya,32.0,Male,Gurgaon,118791.0
642,Rohini,50.0,Female,Mumbai,
643,Gagan,52.0,Female,Lucknow,245964.0
644,Tina,43.0,Male,Noida,246914.0
645,Prem,25.0,Male,Bengaluru,100533.0
646,Alok,53.0,Female,Visakhapatnam,217256.0
647,Dhruv,47.0,Male,Indore,243984.0
648,Neha,40.0,Female,Coimbatore,133591.0
649,Kabir,59.0,Male,Ahmedabad,171650.0
650,Vikram,61.0,Female,Jaipur,161060.0
651,Neha,31.0,Male,Vadodara,
652,Amit,31.0,Female,Visakhapatnam,69194.0
653,Deepak,19.0,Male,Visakhapatnam,139903.0
654,Yash,54.0,Female,Noida,161461.0
655,Sara,22.0,Male,Kolkata,129303.0
656,Rahul,55.0,Female,Coimbatore,143903.0
657,Nilesh,62.0,Female,Gurgaon,97391.0
658,Pooja,,Female,Lucknow,174866.0
659,Sara,64.0,Female,Indore,88002.0
660,Yogesh,31.0,Female,Nagpur,65531.0
661,Supriya,56.0,Male,Visakhapatnam,213887.0
662,Dhruv,42.0,Female,Indore,34986.0
663,Rekha,37.0,Male,Pune,
664,Vijay,,Female,Vadodara,31481.0
665,Kavya,56.0,Male,Lucknow,86408.0
666,Nalini,23.0,Female,Jaipur,230339.0
667,Ananya,34.0,Female,Pune,151950.0
668,Kamla,42.0,Male,Pune,177907.0
669,Sara,45.0,Female,Patna,155355.0
670,Aarav,19.0,Male,Dehradun,
671,Tanvi,52.0,Male,Mumbai,121649.0
672,Tina,54.0,Female,Dehradun,94887.0
673,Hema,22.0,Female,Coimbatore,49477.0
674,Madhuri,18.0,Male,Vadodara,178338.0
675,Omkar,57.0,Female,Pune,247400.0
676,Omkar,29.0,Female,Dehradun,247060.0
677,Firoz,53.0,Female,Vadodara,157815.0
678,Komal,62.0,Male,Bengaluru,204598.0
679,Rajan,40.0,Female,Surat,157426.0
680,Sara,64.0,Male,Bengaluru,
681,Asha,48.0,Male,Bhopal,54335.0
682,Firoz,28.0,Male,Bengaluru,172326.0
683,Prem,27.0,Male,Ahmedabad,116610.0
684,Zareen,20.0,Female,Noida,41442.0
685,Pooja,31.0,Female,Coimbatore,76289.0
686,Esha,33.0,Male,Indore,83747.0
687,Divya,27.0,Male,Bhopal,67327.0
688,Madhuri,46.0,Male,Coimbatore,177271.0
689,Pankaj,27.0,Male,Ahmedabad,102827.0
690,Suresh,29.0,Female,Gurgaon,136464.0
691,Poonam,47.0,Male,Surat,161184.0
692,Firoz,58.0,Male,Patna,117051.0
693,Sachin,18.0,Male,Mumbai,180653.0
694,Prasad,22.0,Male,Bengaluru,89722.0
695,Rohini,37.0,Male,Kochi,122036.0
696,Jatin,25.0,Female,Kochi,177595.0
697,Pallavi,60.0,Female,Pune,96960.0
698,Uma,29.0,Female,Pune,49552.0
699,Farhan,18.0,Female,Ahmedabad,171880.0
700,Kavya,,Female,Ahmedabad,233597.0
701,Sangeeta,45.0,Male,Vadodara,184692.0
702,Firoz,60.0,Female,Vadodara,30887.0
703,Ravi,54.0,Male,Noida,61802.0
704,Gagan,64.0,Female,Ahmedabad,115024.0
705,Payal,54.0,Female,Ahmedabad,148639.0
706,Kabir,29.0,Female,Surat,148248.0
707,Zara,54.0,Female,Jaipur,111938.0
708,Varun,61.0,Male,Vadodara,247813.0
709,Pankaj,45.0,Female,Kolkata,152746.0
710,Rohini,64.0,Male,Ahmedabad,56049.0
711,Uma,,Female,Surat,107789.0
712,Aarav,23.0,Female,Noida,114526.0
713,Pankaj,61.0,Female,Dehradun,168918.0
714,Om,37.0,Male,Chennai,76220.0
715,Lakshmi,31.0,Male,Chennai,76163.0
716,Sara,19.0,Female,Surat,164837.0
717,Vikram,26.0,Female,Coimbatore,147126.0
718,Yogesh,54.0,Male,Indore,111486.0
719,Dimple,37.0,Male,Gurgaon,206342.0
720,Prasad,43.0,Female,Kochi,105277.0
721,Shreya,46.0,Female,Surat,249350.0
722,Seema,18.0,Male,Jaipur,
723,Seema,52.0,Female,Mumbai,152332.0
724,Gagan,23.0,Male,Jaipur,52931.0
725,Lavanya,54.0,Female,Nagpur,119116.0
726,Supriya,22.0,Female,Bhopal,85633.0
727,Siddharth,50.0,Male,Mumbai,241774.0
728,Omkar,31.0,Male,Nagpur,81913.0
729,Jaya,,Female,Patna,124776.0
730,Esha,59.0,Male,Visakhapatnam,55991.0
731,Bharat,37.0,Female,Indore,215917.0
732,Om,41.0,Male,Indore,134092.0
733,Supriya,60.0,Male,Kolkata,
734,Esha,51.0,Male,Bhopal,
735,Bhavna,42.0,Male,Bengaluru,177973.0
736,Zareen,46.0,Female,Bhopal,
737,Prem,56.0,Female,Nagpur,92875.0
738,Chetan,48.0,Male,Nagpur,186989.0
739,Qasim,64.0,Female,Nagpur,92120.0
740,Mihir,60.0,Female,Vadodara,163060.0
741,Gagan,,Female,Pune,140041.0
742,Poonam,61.0,Female,Bengaluru,158467.0
743,Manish,55.0,Female,Ahmedabad,175328.0
744,Komal,37.0,Female,Dehradun,148490.0
745,Geeta,40.0,Male,Bhopal,248800.0
746,Alok,62.0,Female,Pune,156155.0
747,Ananya,33.0,Male,Noida,58230.0
748,Mohit,59.0,Female,Lucknow,89778.0
749,Siddharth,25.0,Male,Visakhapatnam,75833.0
750,Zara,38.0,Female,Chennai,52625.0
751,Sagar,18.0,Female,Surat,62088.0
752,Ayesha,25.0,Female,Bengaluru,240722.0
753,Shivani,46.0,Male,Indore,202239.0
754,Sangeeta,49.0,Female,Gurgaon,133937.0
755,Ankit,55.0,Male,Visakhapatnam,232363.0
756,Vijay,22.0,Male,Pune,226375.0
757,Kavya,64.0,Female,Jaipur,106361.0
758,Lalit,39.0,Female,Bengaluru,118229.0
759,Jatin,64.0,Female,Bhopal,165189.0
760,Rekha,51.0,Male,Jaipur,120265.0
761,Sunaina,18.0,Male,Vadodara,127718.0
762,Rohini,43.0,Female,Visakhapatnam,90710.0
763,Mohit,60.0,Female,Bengaluru,124876.0
764,Geeta,27.0,Female,Dehradun,228126.0
765,Dimple,47.0,Male,Lucknow,60949.0
766,Indira,35.0,Male,Ahmedabad,
767,Aarav,34.0,Female,Gurgaon,242954.0
768,Qasim,43.0,Female,Visakhapatnam,98136.0
769,Sagar,25.0,Male,Coimbatore,141541.0
770,Deepak,64.0,Female,Nagpur,225691.0
771,Tara,57.0,Female,Bhopal,91842.0
772,Sanjay,29.0,Male,Kolkata,56990.0
773,Manish,44.0,Male,Dehradun,177265.0
774,Kabir,25.0,Female,Visakhapatnam,60109.0
775,Jatin,42.0,Female,Indore,160356.0
776,Tanvi,63.0,Male,Visakhapatnam,180305.0
777,Shreya,21.0,Male,Nagpur,242802.0
778,Arjun,50.0,Male,Vadodara,158133.0
779,Vandana,18.0,Male,Lucknow,195582.0
780,Mohit,36.0,Male,Nagpur,31306.0
781,Divya,48.0,Female,Coimbatore,33849.0
782,Shivani,33.0,Male,Bhopal,42360.0
783,Gaurav,31.0,Male,Surat,141072.0
784,Shreya,22.0,Female,Mumbai,124767.0
785,Firoz,58.0,Male,Bengaluru,206872.0
786,Tarun,43.0,Female,Chennai,198035.0
787,Vandana,45.0,Male,Noida,84330.0
788,Yash,19.0,Male,Indore,
789,Pooja,23.0,Male,Bhopal,48689.0
790,Qasim,26.0,Male,Lucknow,59084.0
791,Seema,50.0,Female,Kochi,70387.0
792,Zara,58.0,Male,Kochi,104816.0
793,Madhuri,42.0,Female,Kochi,32642.0
794,Suresh,30.0,Female,Nagpur,72137.0
795,Sanjay,26.0,Male,Lucknow,240904.0
796,Uma,30.0,Female,Ahmedabad,216633.0
797,Shashi,48.0,Female,Jaipur,92260.0
798,Ishaan,58.0,Female,Patna,176510.0
799,Payal,28.0,Male,Pune,
800,Siddharth,21.0,Male,Indore,133061.0
801,Shashi,51.0,Female,Mumbai,164066.0
802,Neha,55.0,Female,Vadodara,155844.0
803,Qasim,63.0,Male,Nagpur,129575.0
804,Mohit,21.0,Female,Noida,
805,Bhavna,55.0,Female,Dehradun,123027.0
806,Nisha,36.0,Female,Visakhapatnam,153489.0
807,Sagar,23.0,Female,Nagpur,114381.0
808,Tara,51.0,Female,Bhopal,85276.0
809,Tanvi,35.0,Female,Kochi,71243.0
810,Sumit,30.0,Male,Kolkata,223984.0
811,Ankit,58.0,Male,Indore,90272.0
812,Mihir,40.0,Male,Bhopal,203123.0
813,Nisha,36.0,Female,Bhopal,239926.0
814,Seema,62.0,Male,Jaipur,243808.0
815,Ayesha,28.0,Female,Coimbatore,95618.0
816,Lalit,18.0,Female,Nagpur,31920.0
817,Om,41.0,Male,Coimbatore,136121.0
818,Mihir,24.0,Male,Nagpur,238291.0
819,Nikhil,42.0,Female,Lucknow,106872.0
820,Prem,38.0,Male,Mumbai,111132.0
821,Pooja,32.0,Male,Chennai,32093.0
822,Uday,18.0,Female,Bhopal,42905.0
823,Bharat,29.0,Female,Ahmedabad,151759.0
824,Gaurav,24.0,Male,Kolkata,185423.0
825,Harish,32.0,Female,Patna,60981.0
826,Meera,38.0,Male,Mumbai,103903.0
827,Rekha,36.0,Male,Jaipur,100821.0
828,Indira,46.0,Female,Chennai,139200.0
829,Harish,42.0,Female,Coimbatore,112289.0
830,Kamla,50.0,Male,Bhopal,146506.0
831,Lavanya,49.0,Female,Dehradun,245093.0
832,Asha,52.0,Male,Noida,108513.0
833,Sangeeta,61.0,Female,Patna,180946.0
834,Sachin,55.0,Female,Vadodara,212003.0
835,Prem,43.0,Male,Vadodara,168746.0
836,Uday,28.0,Female,Surat,
837,Shreya,52.0,Male,Noida,221758.0
838,Sangeeta,25.0,Female,Chennai,99212.0
839,Aryan,63.0,Male,Ahmedabad,163498.0
840,Lakshmi,31.0,Male,Bhopal,160970.0
841,Sangeeta,27.0,Female,Mumbai,120009.0
842,Rekha,19.0,Male,Vadodara,229570.0
843,Sagar,63.0,Female,Bhopal,191015.0
844,Vikram,26.0,Male,Kochi,227467.0
845,Jatin,20.0,Male,Kochi,74816.0
846,Akash,38.0,Male,Lucknow,34138.0
847,Roshni,43.0,Female,Nagpur,121176.0
848,Vijay,25.0,Female,Ahmedabad,105945.0
849,Ravi,19.0,Male,Kolkata,34017.0
850,Sonal,23.0,Female,Noida,40451.0
851,Aarav,45.0,Female,Nagpur,224028.0
852,Raj,46.0,Male,Bhopal,
853,Pankaj,43.0,Male,Vadodara,40278.0
854,Qasim,42.0,Male,Indore,73764.0
855,Rekha,29.0,Female,Visakhapatnam,153030.0
856,Sangeeta,22.0,Male,Surat,
857,Tina,51.0,Male,Dehradun,
858,Payal,54.0,Female,Nagpur,125667.0
859,Omkar,32.0,Male,Dehradun,84318.0
860,Uday,61.0,Female,Coimbatore,
861,Yogesh,53.0,Male,Jaipur,133998.0
862,Manish,32.0,Female,Kolkata,90128.0
863,Sumit,60.0,Male,Jaipur,249128.0
864,Manish,40.0,Male,Pune,51869.0
865,Nikhil,,Male,Coimbatore,35039.0
866,Sara,63.0,Female,Bhopal,182353.0
867,Sumit,61.0,Female,Dehradun,142935.0
868,Alok,60.0,Male,Noida,40442.0
869,Rekha,62.0,Male,Jaipur,103788.0
870,Priya,38.0,Female,Noida,149729.0
871,Firoz,40.0,Male,Kolkata,57586.0
872,Gagan,60.0,Male,Pune,83053.0
873,Rohini,33.0,Male,Bhopal,211561.0
874,Madhuri,64.0,Female,Mumbai,244176.0
875,Jaya,32.0,Female,Jaipur,116346.0
876,Shreya,42.0,Male,Indore,97087.0
877,Farhan,53.0,Female,Pune,173697.0
878,Zareen,28.0,Male,Kochi,64397.0
879,Tina,32.0,Female,Kochi,88671.0
880,Alok,21.0,Male,Gurgaon,146214.0
881,Rohan,38.0,Male,Patna,96897.0
882,Vishal,30.0,Female,Chennai,187221.0
883,Varun,39.0,Male,Coimbatore,221102.0
884,Esha,36.0,Male,Kolkata,230978.0
885,Alok,51.0,Female,Ahmedabad,166355.0
886,Bharat,31.0,Female,Nagpur,168682.0
887,Chirag,21.0,Male,Lucknow,204398.0
888,Sanjay,63.0,Female,Kochi,44924.0
889,Gaurav,44.0,Female,Nagpur,143143.0
890,Shreya,46.0,Female,Lucknow,140253.0
891,Karan,64.0,Male,Patna,237234.0
892,Arjun,45.0,Female,Lucknow,130297.0
893,Neha,52.0,Male,Noida,30869.0
894,Ravi,25.0,Female,Kochi,127088.0
895,Prasad,,Male,Coimbatore,31014.0
896,Lavanya,59.0,Male,Kolkata,40103.0
897,Shivani,53.0,Female,Lucknow,243594.0
898,Prasad,47.0,Male,Kochi,140317.0
899,Priya,35.0,Male,Gurgaon,194530.0
900,Roshni,19.0,Female,Pune,112409.0
901,Ravi,30.0,Female,Lucknow,53248.0
902,Nisha,21.0,Male,Dehradun,204588.0
903,Qasim,43.0,Female,Nagpur,190133.0
904,Sangeeta,42.0,Female,Lucknow,185242.0
905,Nalini,47.0,Male,Kolkata,38024.0
906,Bharat,28.0,Male,Pune,
907,Siddharth,24.0,Male,Visakhapatnam,115947.0
908,Akash,48.0,Female,Indore,204875.0
909,Payal,61.0,Male,Lucknow,180368.0
910,Uday,27.0,Female,Nagpur,121829.0
911,Arjun,56.0,Male,Jaipur,122708.0
912,Rahul,30.0,Male,Nagpur,116664.0
913,Manish,48.0,Male,Mumbai,179329.0
914,Dimple,24.0,Male,Chennai,173927.0
915,Asha,59.0,Female,Visakhapatnam,115178.0
916,Tara,59.0,Female,Gurgaon,131121.0
917,Dimple,53.0,Female,Visakhapatnam,50025.0
918,Ananya,37.0,Female,Vadodara,165530.0
919,Qasim,21.0,Female,Dehradun,93610.0
920,Alok,24.0,Male,Vadodara,100843.0
921,Mohit,18.0,Male,Ahmedabad,137237.0
922,Komal,,Female,Patna,245033.0
923,Akash,62.0,Female,Gurgaon,210903.0
924,Zareen,59.0,Male,Patna,204499.0
925,Harish,64.0,Female,Kolkata,160299.0
926,Mihir,30.0,Female,Bhopal,199578.0
927,Farhan,39.0,Male,Noida,35668.0
928,Siddharth,38.0,Female,Pune,208267.0
929,Firoz,39.0,Female,Coimbatore,103233.0
930,Dhruv,45.0,Female,Kolkata,185489.0
931,Varun,26.0,Female,Indore,111982.0
932,Lavanya,43.0,Female,Jaipur,136133.0
933,Shreya,26.0,Female,Coimbatore,40751.0
934,Jatin,32.0,Male,Noida,76218.0
935,Nalini,27.0,Female,Nagpur,156649.0
936,Sagar,41.0,Female,Bhopal,37352.0
937,Ramesh,59.0,Female,Patna,240124.0
938,Jaya,25.0,Female,Kochi,118835.0
939,Yogesh,41.0,Male,Pune,127493.0
940,Yogesh,33.0,Female,Visakhapatnam,58927.0
941,Payal,,Male,Nagpur,202166.0
942,Lalit,44.0,Female,Vadodara,131948.0
943,Dhruv,54.0,Male,Surat,215194.0
944,Tara,21.0,Female,Noida,59493.0
945,Ishaan,41.0,Female,Vadodara,234611.0
946,Poonam,36.0,Male,Bengaluru,61707.0
947,Deepak,53.0,Male,Mumbai,229886.0
948,Vikram,56.0,Female,Vadodara,168368.0
949,Alok,27.0,Female,Kochi,186470.0
950,Poonam,42.0,Female,Bhopal,65842.0
951,Vijay,35.0,Female,Chennai,43261.0
952,Gagan,36.0,Female,Indore,106709.0
953,Ravi,53.0,Male,Mumbai,125985.0
954,Rohan,27.0,Female,Dehradun,136616.0
955,Lalit,50.0,Female,Kochi,
956,Komal,22.0,Female,Bengaluru,97173.0
957,Ayesha,,Male,Visakhapatnam,61781.0
958,Vishal,52.0,Female,Nagpur,43652.0
959,Indira,61.0,Female,Lucknow,35103.0
960,Ankit,51.0,Female,Noida,55500.0
961,Mohit,50.0,Male,Chennai,130336.0
962,Deepak,38.0,Male,Ahmedabad,196601.0
963,Jatin,34.0,Female,Chennai,143499.0
964,Sagar,39.0,Female,Jaipur,179524.0
965,Pankaj,54.0,Male,Indore,79393.0
966,Hema,32.0,Male,Surat,192246.0
967,Yash,52.0,Male,Surat,
968,Divya,45.0,Female,Vadodara,196508.0
969,Varun,24.0,Male,Visakhapatnam,77406.0
970,Ananya,49.0,Male,Visakhapatnam,93059.0
971,Rahul,28.0,Male,Indore,177026.0
972,Tina,27.0,Male,Patna,
973,Sanjay,26.0,Female,Mumbai,42356.0
974,Esha,31.0,Female,Nagpur,158128.0
975,Ramesh,,Female,Patna,32187.0
976,Asha,42.0,Male,Visakhapatnam,107243.0
977,Suresh,19.0,Male,Surat,65098.0
978,Chirag,52.0,Female,Coimbatore,182297.0
979,Priya,,Female,Mumbai,164678.0
980,Aditya,38.0,Female,Ahmedabad,87620.0
981,Sangeeta,35.0,Female,Pune,193900.0
982,Sumit,20.0,Male,Chennai,156270.0
983,Deepak,,Male,Kolkata,187561.0
984,Sara,56.0,Female,Noida,44387.0
985,Rajan,58.0,Female,Bhopal,99463.0
986,Bhavna,28.0,Female,Chennai,232904.0
987,Shivani,56.0,Female,Coimbatore,163663.0
988,Kamla,41.0,Male,Mumbai,209588.0
989,Harish,63.0,Male,Kolkata,121683.0
990,Sara,36.0,Male,Lucknow,92061.0
991,Kabir,21.0,Male,Patna,227808.0
992,Nilesh,43.0,Female,Gurgaon,111257.0
993,Tanvi,55.0,Female,Surat,91753.0
994,Dimple,59.0,Male,Pune,114774.0
995,Nikhil,49.0,Female,Mumbai,172159.0
996,Zara,56.0,Female,Pune,191888.0
997,Tina,62.0,Female,Chennai,53408.0
998,Tara,63.0,Male,Patna,154116.0
999,Sonal,,Female,Patna,161208.0
1000,Shreya,57.0,Female,Lucknow,47413.0
1001,Sara,54.0,Male,Bhopal,143650.0
1002,Nilesh,,Male,Kolkata,89500.0
1003,Vishal,53.0,Male,Bengaluru,114514.0
1004,Nikhil,20.0,Male,Chennai,86358.0
1005,Prasad,26.0,Female,Ahmedabad,96197.0
1006,Mohit,25.0,Male,Lucknow,193926.0
1007,Chetan,50.0,Female,Chennai,106240.0
1008,Nisha,23.0,Male,Dehradun,46322.0
1009,Shashi,58.0,Female,Indore,143053.0
1010,Mohit,56.0,Female,Surat,36968.0
1011,Qasim,21.0,Male,Dehradun,57518.0
1012,Shreya,30.0,Female,Vadodara,81925.0
1013,Varun,19.0,Female,Dehradun,220920.0
1014,Zara,22.0,Male,Lucknow,141900.0
1015,Firoz,61.0,Male,Vadodara,123422.0
1016,Ravi,44.0,Female,Noida,31700.0
1017,Priya,49.0,Male,Patna,123782.0
1018,Alok,38.0,Male,Indore,53199.0
1019,Sunaina,25.0,Male,Nagpur,205661.0
1020,Prasad,55.0,Male,Dehradun,193187.0
1021,Karan,25.0,Male,Dehradun,223006.0
1022,Sumit,20.0,Female,Noida,215388.0
1023,Lavanya,61.0,Male,Nagpur,35520.0
1024,Raj,20.0,Female,Ahmedabad,139814.0
1025,Neha,39.0,Female,Kochi,197527.0
1026,Priya,,Female,Gurgaon,247537.0
1027,Nisha,19.0,Male,Patna,153364.0
1028,Yash,40.0,Male,Visakhapatnam,202677.0
1029,Jatin,61.0,Male,Noida,44955.0
1030,Nisha,19.0,Female,Nagpur,205121.0
1031,Vandana,55.0,Female,Ahmedabad,174989.0
1032,Aditya,34.0,Female,Gurgaon,231365.0
1033,Tanvi,52.0,Female,Gurgaon,239653.0
1034,Kavya,51.0,Female,Jaipur,94925.0
1035,Bharat,40.0,Male,Bhopal,137216.0
1036,Mihir,47.0,Male,Visakhapatnam,100269.0
1037,Madhuri,,Female,Chennai,192026.0
1038,Sachin,39.0,Male,Vadodara,233689.0
1039,Sumit,61.0,Female,Dehradun,71458.0
1040,Vandana,53.0,Female,Mumbai,119037.0
1041,Roshni,22.0,Female,Lucknow,182185.0
1042,Mihir,30.0,Male,Gurgaon,129977.0
1043,Indira,46.0,Male,Patna,
1044,Siddharth,48.0,Male,Chennai,59345.0
1045,Chirag,64.0,Female,Jaipur,
1046,Lalit,,Male,Pune,140107.0
1047,Sumit,59.0,Male,Surat,151866.0
1048,Shashi,47.0,Male,Lucknow,99166.0
1049,Akash,33.0,Female,Kochi,208933.0
1050,Chetan,29.0,Male,Nagpur,
1051,Pallavi,34.0,Male,Kochi,79298.0
1052,Manish,33.0,Female,Nagpur,208293.0
1053,Rohini,29.0,Male,Visakhapatnam,74942.0
1054,Indira,25.0,Female,Chennai,33453.0
1055,Mohit,37.0,Female,Mumbai,132811.0
1056,Poonam,20.0,Male,Mumbai,84935.0
1057,Esha,33.0,Female,Patna,152439.0
1058,Vikram,,Male,Kochi,204442.0
1059,Ramesh,62.0,Female,Dehradun,38328.0
1060,Siddharth,40.0,Male,Kolkata,45534.0
1061,Uma,45.0,Female,Kochi,115280.0
1062,Tarun,57.0,Male,Visakhapatnam,245997.0
1063,Rahul,22.0,Male,Bhopal,66320.0
1064,Sanjay,37.0,Male,Coimbatore,79170.0
1065,Payal,57.0,Male,Lucknow,130546.0
1066,Uma,61.0,Female,Chennai,110201.0
1067,Prem,18.0,Male,Indore,38640.0
1068,Raj,47.0,Male,Kolkata,191121.0
1069,Jatin,38.0,Male,Chennai,166690.0
1070,Shivani,37.0,Male,Dehradun,217125.0
1071,Nikhil,23.0,Female,Mumbai,
1072,Poonam,39.0,Male,Coimbatore,73937.0
1073,Nalini,35.0,Female,Surat,230796.0
1074,Meera,25.0,Male,Nagpur,173279.0
1075,Divya,,Female,Noida,226846.0
1076,Madhuri,49.0,Female,Kochi,194044.0
1077,Kavya,50.0,Female,Coimbatore,171871.0
1078,Pooja,33.0,Female,Visakhapatnam,232160.0
1079,Divya,29.0,Male,Nagpur,189988.0
1080,Payal,55.0,Female,Noida,100463.0
1081,Tina,51.0,Female,Dehradun,123500.0
1082,Roshni,31.0,Female,Pune,237772.0
1083,Indira,53.0,Male,Vadodara,
1084,Karan,50.0,Male,Dehradun,114607.0
1085,Kavya,40.0,Male,Vadodara,149639.0
1086,Lavanya,62.0,Female,Dehradun,101696.0
1087,Omkar,19.0,Female,Pune,91510.0
1088,Sonal,58.0,Female,Kolkata,150076.0
1089,Nisha,38.0,Female,Coimbatore,88692.0
1090,Madhuri,19.0,Male,Dehradun,160841.0
1091,Vishal,44.0,Female,Lucknow,222816.0
1092,Roshni,26.0,Male,Patna,45810.0
1093,Tarun,18.0,Female,Kochi,166198.0
1094,Yash,28.0,Female,Bengaluru,191081.0
1095,Om,20.0,Female,Mumbai,141718.0
1096,Deepa,40.0,Female,Ahmedabad,120932.0
1097,Kavya,43.0,Male,Pune,30192.0
1098,Pallavi,21.0,Female,Coimbatore,66413.0
1099,Meera,35.0,Male,Gurgaon,173888.0
1100,Rajan,23.0,Female,Nagpur,69082.0
